GENESIS-Tabelle: 31231-0003;;;;;;;;;;;;;;;;
Wohngebäude, Wohnungen, Wohnfläche: Bundesländer, Stichtag,;;;;;;;;;;;;;;;;
Anzahl der Wohnungen;;;;;;;;;;;;;;;;
Fortschreibung Wohngebäude- und Wohnungsbestand;;;;;;;;;;;;;;;;
;;Anzahl der Wohnungen in Wohngebäuden;Anzahl der Wohnungen in Wohngebäuden;Anzahl der Wohnungen in Wohngebäuden;Anzahl der Wohnungen in Wohngebäuden;Anzahl der Wohnungen in Wohngebäuden;Anzahl der Wohnungen in Wohngebäuden;Anzahl der Wohnungen in Wohngebäuden;Anzahl der Wohnungen in Wohngebäuden;Anzahl der Wohnungen in Wohngebäuden;Anzahl der Wohnungen in Wohngebäuden;Anzahl der Wohnungen in Wohngebäuden;Anzahl der Wohnungen in Wohngebäuden;Anzahl der Wohnungen in Wohngebäuden;Anzahl der Wohnungen in Wohngebäuden;Anzahl der Wohnungen in Wohngebäuden
;;1 Wohnung;1 Wohnung;1 Wohnung;2 Wohnungen;2 Wohnungen;2 Wohnungen;3 und mehr Wohnungen;3 und mehr Wohnungen;3 und mehr Wohnungen;Wohnheime;Wohnheime;Wohnheime;Insgesamt;Insgesamt;Insgesamt
;;Wohngebäude;Wohnungen;Wohnfläche;Wohngebäude;Wohnungen;Wohnfläche;Wohngebäude;Wohnungen;Wohnfläche;Wohngebäude;Wohnungen;Wohnfläche;Wohngebäude;Wohnungen;Wohnfläche
Stichtag;Bundesland;Anzahl;Anzahl;1000 qm;Anzahl;Anzahl;1000 qm;Anzahl;Anzahl;1000 qm;Anzahl;Anzahl;1000 qm;Anzahl;Anzahl;1000 qm
31.12.1995;Baden-Württemberg;1168398;1168398;140515;513270;1026540;91981;360151;2102451;151180;-;-;-;2041819;4297389;383676
31.12.1995;Bayern;1651436;1651436;205461;526589;1053178;94937;333967;2379975;158505;-;-;-;2511992;5084589;458903
31.12.1995;Berlin;121227;121227;12996;19191;38382;3344;136165;1597165;104131;-;-;-;276583;1756774;120471
31.12.1995;Brandenburg;325563;325563;31961;67710;135420;10234;84057;623672;36342;-;-;-;477330;1084655;78535
31.12.1995;Bremen;72519;72519;7636;20029;40058;3189;32754;220037;14218;-;-;-;125302;332614;25043
31.12.1995;Hamburg;119851;119851;12737;24959;49918;4087;73570;644903;40594;-;-;-;218380;814672;57418
31.12.1995;Hessen;705754;705754;87885;297496;594992;54001;191804;1227446;84638;-;-;-;1195054;2528192;226524
31.12.1995;Mecklenburg-Vorpommern;196775;196775;19518;39032;78064;5854;63317;488768;27876;-;-;-;299124;763607;53248
31.12.1995;Niedersachsen;1224933;1224933;147591;329224;658448;59143;223443;1358511;92113;-;-;-;1777600;3241892;298847
31.12.1995;Nordrhein-Westfalen;1831124;1831124;217639;679346;1358692;115218;731580;4408276;294479;-;-;-;3242050;7598092;627336
31.12.1995;Rheinland-Pfalz;683288;683288;82027;199549;399098;35713;103910;582875;41390;-;-;-;986747;1665261;159129
31.12.1995;Saarland;175130;175130;21381;76212;152424;13372;25769;134895;9501;-;-;-;277111;462449;44255
31.12.1995;Sachsen;343302;343302;32885;144122;288244;20415;206497;1506783;89783;-;-;-;693921;2138329;143083
31.12.1995;Sachsen-Anhalt;318774;318774;31612;82425;164850;12467;102754;736591;43194;-;-;-;503953;1220215;87273
31.12.1995;Schleswig-Holstein;478074;478074;52658;83996;167992;14305;79203;554573;34687;-;-;-;641273;1200639;101648
31.12.1995;Thüringen;272066;272066;27978;106605;213210;16070;85512;591978;35372;-;-;-;464183;1077254;79419
31.12.1995;Insgesamt;9688214;9688214;1132483;3209755;6419510;554336;2834453;19158899;1258008;-;-;-;15732422;35266623;2944812
31.12.1996;Baden-Württemberg;1177104;1177104;141976;519185;1038370;93375;367752;2154226;154872;-;-;-;2064041;4369700;390224
31.12.1996;Bayern;1670733;1670733;208399;534390;1068780;96677;339885;2427527;161773;-;-;-;2545008;5167040;466850
31.12.1996;Berlin;123184;123184;13230;19460;38920;3393;137675;1616342;105598;-;-;-;280319;1778446;122220
31.12.1996;Brandenburg;334658;334658;33082;69330;138660;10524;85688;640265;37483;-;-;-;489676;1113583;81088
31.12.1996;Bremen;72802;72802;7681;20139;40278;3212;32902;221901;14337;-;-;-;125843;334981;25231
31.12.1996;Hamburg;120435;120435;12818;25120;50240;4122;74161;651857;41091;-;-;-;219716;822532;58030
31.12.1996;Hessen;709067;709067;88462;300159;600318;54632;194964;1249745;86168;-;-;-;1204190;2559130;229262
31.12.1996;Mecklenburg-Vorpommern;201848;201848;20128;40032;80064;6017;64025;496118;28371;-;-;-;305905;778030;54515
31.12.1996;Niedersachsen;1240141;1240141;149789;334169;668338;60221;226730;1381449;93754;-;-;-;1801040;3289928;303764
31.12.1996;Nordrhein-Westfalen;1850282;1850282;220273;686003;1372006;116659;738905;4465450;298623;-;-;-;3275190;7687738;635556
31.12.1996;Rheinland-Pfalz;688290;688290;82854;202354;404708;36327;106283;598424;42570;-;-;-;996927;1691422;161750
31.12.1996;Saarland;176083;176083;21553;76960;153920;13546;26352;138481;9765;-;-;-;279395;468484;44864
31.12.1996;Sachsen;350630;350630;33800;146780;293560;20878;208698;1535796;91675;-;-;-;706108;2179986;146353
31.12.1996;Sachsen-Anhalt;324608;324608;32336;83258;166516;12617;103880;746330;43834;-;-;-;511746;1237454;88787
31.12.1996;Schleswig-Holstein;483231;483231;53336;85509;171018;14598;80380;564793;35373;-;-;-;649120;1219042;103307
31.12.1996;Thüringen;275934;275934;28480;107752;215504;16279;86393;600226;35930;-;-;-;470079;1091664;80689
31.12.1996;Insgesamt;9799030;9799030;1148201;3250600;6501200;563081;2874673;19488930;1281221;-;-;-;15924303;35789160;2992490
31.12.1997;Baden-Württemberg;1188976;1188976;143850;524632;1049264;94676;373662;2193974;157767;-;-;-;2087270;4432214;396293
31.12.1997;Bayern;1691491;1691491;211574;542048;1084096;98387;344893;2465899;164507;-;-;-;2578432;5241486;474468
31.12.1997;Berlin;125755;125755;13536;19867;39734;3468;139796;1644741;107664;-;-;-;285418;1810230;124669
31.12.1997;Brandenburg;346009;346009;34433;70944;141888;10815;87522;657863;38692;-;-;-;504475;1145760;83938
31.12.1997;Bremen;73185;73185;7732;20199;40398;3225;33047;223213;14424;-;-;-;126431;336796;25381
31.12.1997;Hamburg;121197;121197;12921;25273;50546;4154;74697;658042;41527;-;-;-;221167;829785;58603
31.12.1997;Hessen;714563;714563;89363;303584;607168;55460;198273;1271710;87777;-;-;-;1216420;2593441;232600
31.12.1997;Mecklenburg-Vorpommern;208045;208045;20855;41052;82104;6188;65074;507633;29110;-;-;-;314171;797782;56152
31.12.1997;Niedersachsen;1258199;1258199;152444;339472;678944;61393;229809;1403458;95342;-;-;-;1827480;3340601;309179
31.12.1997;Nordrhein-Westfalen;1870762;1870762;223097;692504;1385008;118090;745638;4517726;302450;-;-;-;3308904;7773496;643636
31.12.1997;Rheinland-Pfalz;694193;694193;83849;205741;411482;37087;108592;612062;43629;-;-;-;1008526;1717737;164563
31.12.1997;Saarland;176995;176995;21716;77666;155332;13710;26798;141345;9972;-;-;-;281459;473672;45397
31.12.1997;Sachsen;359208;359208;34866;149398;298796;21337;211360;1571195;93977;-;-;-;719966;2229199;150179
31.12.1997;Sachsen-Anhalt;331265;331265;33157;84131;168262;12774;105249;758815;44650;-;-;-;520645;1258342;90580
31.12.1997;Schleswig-Holstein;489824;489824;54195;87002;174004;14897;81524;575340;36073;-;-;-;658350;1239168;105164
31.12.1997;Thüringen;281500;281500;29197;109166;218332;16540;87549;611307;36661;-;-;-;478215;1111139;82397
31.12.1997;Insgesamt;9931167;9931167;1166784;3292679;6585358;572200;2913483;19814323;1304221;-;-;-;16137329;36330848;3043199
31.12.1998;Baden-Württemberg;1204322;1204322;146199;529788;1059576;95923;378515;2226706;160199;-;-;-;2112625;4490604;402319
31.12.1998;Bayern;1714664;1714664;215066;549933;1099866;100158;349310;2499040;166897;-;-;-;2613907;5313570;482121
31.12.1998;Berlin;128079;128079;13820;20232;40464;3536;140756;1658371;108711;-;-;-;289067;1826914;126066
31.12.1998;Brandenburg;359031;359031;36016;72923;145846;11174;88766;668551;39459;-;-;-;520720;1173428;86648
31.12.1998;Bremen;73614;73614;7789;20245;40490;3235;33157;224502;14515;-;-;-;127016;338606;25539
31.12.1998;Hamburg;122137;122137;13052;25509;51018;4203;75182;664217;41941;-;-;-;222828;837372;59196
31.12.1998;Hessen;719988;719988;90277;306687;613374;56217;201282;1292022;89341;-;-;-;1227957;2625384;235835
31.12.1998;Mecklenburg-Vorpommern;214431;214431;21600;41938;83876;6336;65748;514339;29512;-;-;-;322117;812646;57448
31.12.1998;Niedersachsen;1278471;1278471;155417;344459;688918;62499;231964;1417852;96368;-;-;-;1854894;3385241;314283
31.12.1998;Nordrhein-Westfalen;1894149;1894149;226311;699141;1398282;119568;751872;4564829;305932;-;-;-;3345162;7857260;651811
31.12.1998;Rheinland-Pfalz;700813;700813;84905;208562;417124;37721;110301;622314;44436;-;-;-;1019676;1740252;167061
31.12.1998;Saarland;178049;178049;21900;78310;156620;13859;27193;143849;10164;-;-;-;283552;478518;45924
31.12.1998;Sachsen;367219;367219;35883;151399;302798;21696;212935;1590760;95241;-;-;-;731553;2260777;152820
31.12.1998;Sachsen-Anhalt;338015;338015;33985;84880;169760;12908;105939;765700;45124;-;-;-;528834;1273475;92016
31.12.1998;Schleswig-Holstein;497422;497422;55191;88374;176748;15168;82517;584189;36694;-;-;-;668313;1258359;107051
31.12.1998;Thüringen;286296;286296;29838;110144;220288;16729;88228;617617;37096;-;-;-;484668;1124201;83663
31.12.1998;Insgesamt;10076700;10076700;1187253;3332524;6665048;580933;2943667;20054916;1321636;-;-;-;16352891;36796664;3089809
31.12.1999;Baden-Württemberg;1221500;1221500;148804;534605;1069210;97071;382731;2254042;162369;-;-;-;2138836;4544752;408243
31.12.1999;Bayern;1739481;1739481;218788;557910;1115820;101947;353669;2529633;169223;-;-;-;2651060;5384934;489958
31.12.1999;Berlin;131141;131141;14186;20534;41068;3596;141265;1666553;109370;-;-;-;292940;1838762;127152
31.12.1999;Brandenburg;372134;372134;37596;74676;149352;11487;89593;674984;39953;-;-;-;536403;1196470;89035
31.12.1999;Bremen;74269;74269;7873;20298;40596;3246;33274;225884;14608;-;-;-;127841;340749;25727
31.12.1999;Hamburg;122964;122964;13169;25687;51374;4240;75576;668598;42268;-;-;-;224227;842936;59676
31.12.1999;Hessen;727177;727177;91410;310318;620636;57091;203721;1307864;90624;-;-;-;1241216;2655677;239126
31.12.1999;Mecklenburg-Vorpommern;221107;221107;22371;42703;85406;6470;66381;519253;29835;-;-;-;330191;825766;58675
31.12.1999;Niedersachsen;1302227;1302227;158847;349957;699914;63733;234454;1436679;97719;-;-;-;1886638;3438820;320299
31.12.1999;Nordrhein-Westfalen;1922779;1922779;230224;706230;1412460;121144;757545;4607322;309175;-;-;-;3386554;7942561;660542
31.12.1999;Rheinland-Pfalz;709152;709152;86231;211629;423258;38411;111852;631264;45167;-;-;-;1032633;1763674;169808
31.12.1999;Saarland;179168;179168;22090;78943;157886;14011;27508;145656;10305;-;-;-;285619;482710;46406
31.12.1999;Sachsen;375233;375233;36887;153168;306336;22021;213875;1603630;96124;-;-;-;742276;2285199;155033
31.12.1999;Sachsen-Anhalt;344473;344473;34796;85504;171008;13022;106419;770831;45476;-;-;-;536396;1286312;93293
31.12.1999;Schleswig-Holstein;506539;506539;56368;89632;179264;15423;83257;589926;37115;-;-;-;679428;1275729;108905
31.12.1999;Thüringen;290988;290988;30453;111075;222150;16905;88732;622101;37420;-;-;-;490795;1135239;84778
31.12.1999;Insgesamt;10240332;10240332;1210094;3372869;6745738;589817;2969852;20254220;1336752;-;-;-;16583053;37240290;3136656
31.12.2000;Baden-Württemberg;1239616;1239616;151572;539156;1078312;98173;386207;2275678;164157;-;-;-;2164979;4593606;413901
31.12.2000;Bayern;1764703;1764703;222580;565471;1130942;103657;357694;2557711;171388;-;-;-;2687868;5453356;497622
31.12.2000;Berlin;133595;133595;14496;20714;41428;3633;141603;1672072;109837;-;-;-;295912;1847095;127965
31.12.2000;Brandenburg;383845;383845;39032;76176;152352;11764;90143;679205;40281;-;-;-;550164;1215402;91076
31.12.2000;Bremen;74874;74874;7958;20379;40758;3263;33402;227266;14712;-;-;-;128655;342898;25934
31.12.2000;Hamburg;124187;124187;13332;25835;51670;4274;76039;672911;42600;-;-;-;226061;848768;60206
31.12.2000;Hessen;734292;734292;92528;312942;625884;57734;205575;1319599;91610;-;-;-;1252809;2679775;241872
31.12.2000;Mecklenburg-Vorpommern;226567;226567;23006;43272;86544;6571;66871;523071;30083;-;-;-;336710;836182;59659
31.12.2000;Niedersachsen;1326265;1326265;162331;354909;709818;64846;236201;1447552;98568;-;-;-;1917375;3483635;325745
31.12.2000;Nordrhein-Westfalen;1951971;1951971;234239;712820;1425640;122624;762338;4642535;311918;-;-;-;3427129;8020146;668782
31.12.2000;Rheinland-Pfalz;718033;718033;87625;214540;429080;39070;113075;638574;45754;-;-;-;1045648;1785687;172447
31.12.2000;Saarland;180335;180335;22287;79552;159104;14156;27784;147151;10426;-;-;-;287671;486590;46868
31.12.2000;Sachsen;383274;383274;37902;154589;309178;22288;214510;1611999;96722;-;-;-;752373;2304451;156911
31.12.2000;Sachsen-Anhalt;350945;350945;35619;86145;172290;13142;106764;774272;45718;-;-;-;543854;1297507;94477
31.12.2000;Schleswig-Holstein;514137;514137;57366;90592;181184;15621;83826;594589;37495;-;-;-;688555;1289910;110481
31.12.2000;Thüringen;295605;295605;31067;111765;223530;17043;89126;625383;37674;-;-;-;496496;1144518;85783
31.12.2000;Insgesamt;10402244;10402244;1232938;3408857;6817714;597858;2991158;20409568;1348941;-;-;-;16802259;37629526;3179728
31.12.2001;Baden-Württemberg;1254096;1254096;153839;542694;1085388;99063;388977;2292499;165607;-;-;-;2185767;4631983;418509
31.12.2001;Bayern;1785285;1785285;225748;571605;1143210;105053;360800;2578730;173060;-;-;-;2717690;5507225;503860
31.12.2001;Berlin;135849;135849;14789;20877;41754;3668;141863;1676258;110252;-;-;-;298589;1853861;128709
31.12.2001;Brandenburg;393359;393359;40209;77339;154678;11984;90583;682127;40499;-;-;-;561281;1230164;92690
31.12.2001;Bremen;75629;75629;8059;20437;40874;3276;33484;228162;14779;-;-;-;129550;344665;26114
31.12.2001;Hamburg;125002;125002;13451;25971;51942;4307;76324;676278;42883;-;-;-;227297;853222;60641
31.12.2001;Hessen;740362;740362;93501;315325;630650;58330;207172;1329569;92488;-;-;-;1262859;2700581;244319
31.12.2001;Mecklenburg-Vorpommern;231415;231415;23571;43760;87520;6661;67224;525551;30268;-;-;-;342399;844486;60499
31.12.2001;Niedersachsen;1345991;1345991;165203;358763;717526;65728;237396;1455067;99167;-;-;-;1942150;3518584;330098
31.12.2001;Nordrhein-Westfalen;1977172;1977172;237748;718353;1436706;123891;766026;4668633;314096;-;-;-;3461551;8082511;675734
31.12.2001;Rheinland-Pfalz;725105;725105;88754;216731;433462;39575;113936;643949;46196;-;-;-;1055772;1802516;174523
31.12.2001;Saarland;181285;181285;22447;80001;160002;14264;27964;148108;10504;-;-;-;289250;489395;47215
31.12.2001;Sachsen;388602;388602;38594;155481;310962;22465;214489;1610833;96778;-;-;-;758572;2310397;157837
31.12.2001;Sachsen-Anhalt;355219;355219;36163;86511;173022;13212;106812;773905;45734;-;-;-;548542;1302146;95107
31.12.2001;Schleswig-Holstein;520562;520562;58226;91276;182552;15765;84194;597219;37726;-;-;-;696032;1300333;111716
31.12.2001;Thüringen;298806;298806;31505;112316;224632;17154;89239;625646;37736;-;-;-;500361;1149084;86395
31.12.2001;Insgesamt;10533739;10533739;1251807;3437440;6874880;604397;3006483;20512534;1357772;-;-;-;16977662;37921153;3213967
31.12.2002;Baden-Württemberg;1267134;1267134;155936;546029;1092058;99910;391244;2305860;166778;-;-;-;2204407;4665052;422623
31.12.2002;Bayern;1806603;1806603;229048;577453;1154906;106402;363759;2598142;174611;-;-;-;2747815;5559651;510060
31.12.2002;Berlin;137973;137973;15065;21041;42082;3705;141991;1677870;110479;-;-;-;301005;1857925;129249
31.12.2002;Brandenburg;402044;402044;41299;78350;156700;12179;90629;680579;40479;-;-;-;571023;1239323;93957
31.12.2002;Bremen;76284;76284;8148;20480;40960;3284;33549;228818;14823;-;-;-;130313;346062;26256
31.12.2002;Hamburg;126028;126028;13599;26067;52134;4331;76523;677928;43050;-;-;-;228618;856090;60979
31.12.2002;Hessen;745709;745709;94348;317649;635298;58886;208548;1337735;93255;-;-;-;1271906;2718742;246489
31.12.2002;Mecklenburg-Vorpommern;235793;235793;24083;44216;88432;6743;67503;527272;30396;-;-;-;347512;851497;61221
31.12.2002;Niedersachsen;1364819;1364819;167958;362142;724284;66523;238395;1461616;99697;-;-;-;1965356;3550719;334178
31.12.2002;Nordrhein-Westfalen;1999900;1999900;240910;722904;1445808;124948;768660;4687492;315709;-;-;-;3491464;8133200;681567
31.12.2002;Rheinland-Pfalz;732272;732272;89916;219128;438256;40124;114773;648494;46607;-;-;-;1066173;1819022;176645
31.12.2002;Saarland;182276;182276;22614;80402;160804;14363;28117;148738;10565;-;-;-;290795;491818;47542
31.12.2002;Sachsen;393219;393219;39201;156225;312450;22621;213933;1602870;96413;-;-;-;763377;2308539;158234
31.12.2002;Sachsen-Anhalt;359361;359361;36707;86844;173688;13279;106348;767502;45404;-;-;-;552553;1300551;95390
31.12.2002;Schleswig-Holstein;526574;526574;58601;91884;183768;15817;84536;600358;37813;-;-;-;702994;1310700;112230
31.12.2002;Thüringen;301830;301830;31918;112832;225664;17264;89106;621526;37560;-;-;-;503768;1149020;86742
31.12.2002;Insgesamt;10657819;10657819;1269352;3463646;6927292;610378;3017614;20572800;1363639;-;-;-;17139079;38157911;3243361
31.12.2003;Baden-Württemberg;1280433;1280433;158066;549026;1098052;100665;393330;2317751;167873;-;-;-;2222789;4696236;426603
31.12.2003;Bayern;1827308;1827308;232244;582787;1165574;107633;366561;2615701;176020;-;-;-;2776656;5608583;515898
31.12.2003;Berlin;139622;139622;15279;21170;42340;3731;142077;1677637;110591;-;-;-;302869;1859599;129600
31.12.2003;Brandenburg;410179;410179;42304;79215;158430;12342;90240;675031;40221;-;-;-;579634;1243640;94866
31.12.2003;Bremen;76837;76837;8224;20515;41030;3292;33569;228856;14834;-;-;-;130921;346723;26350
31.12.2003;Hamburg;127044;127044;13739;26166;52332;4354;76778;680176;43256;-;-;-;229988;859552;61349
31.12.2003;Hessen;750042;750042;95038;319429;638858;59309;209898;1346835;94070;-;-;-;1279369;2735735;248416
31.12.2003;Mecklenburg-Vorpommern;239805;239805;24554;44625;89250;6813;67665;527506;30402;-;-;-;352095;856561;61768
31.12.2003;Niedersachsen;1384594;1384594;170874;365473;730946;67297;239392;1467746;100216;-;-;-;1989459;3583286;338386
31.12.2003;Nordrhein-Westfalen;2023535;2023535;244220;727235;1454470;125945;771080;4704763;317156;-;-;-;3521850;8182768;687321
31.12.2003;Rheinland-Pfalz;739234;739234;91037;221276;442552;40620;115437;651899;46927;-;-;-;1075947;1833685;178583
31.12.2003;Saarland;183218;183218;22771;80797;161594;14449;28289;149694;10641;-;-;-;292304;494506;47861
31.12.2003;Sachsen;397078;397078;39726;156745;313490;22733;213018;1589679;95727;-;-;-;766841;2300247;158186
31.12.2003;Sachsen-Anhalt;363234;363234;37220;87120;174240;13334;105749;760474;45047;-;-;-;556103;1297948;95600
31.12.2003;Schleswig-Holstein;532723;532723;59858;92479;184958;16017;84863;602543;38161;-;-;-;710065;1320224;114036
31.12.2003;Thüringen;304520;304520;32295;113260;226520;17356;89008;619632;37486;-;-;-;506788;1150672;87137
31.12.2003;Insgesamt;10779406;10779406;1287450;3487318;6974636;615890;3026954;20615923;1368628;-;-;-;17293678;38369965;3271962
31.12.2004;Baden-Württemberg;1295585;1295585;160456;552095;1104190;101436;395524;2330621;169043;-;-;-;2243204;4730396;430935
31.12.2004;Bayern;1849669;1849669;235704;588387;1176774;108942;369727;2636257;177661;-;-;-;2807783;5662700;522306
31.12.2004;Berlin;141798;141798;15565;21280;42560;3753;142152;1677590;110692;-;-;-;305230;1861948;130010
31.12.2004;Brandenburg;418134;418134;43294;79950;159900;12482;89801;669219;39941;-;-;-;587885;1247253;95717
31.12.2004;Bremen;77380;77380;8294;20561;41122;3301;33608;229152;14863;-;-;-;131549;347654;26459
31.12.2004;Hamburg;128081;128081;13887;26264;52528;4377;77015;682254;43454;-;-;-;231360;862863;61718
31.12.2004;Hessen;755220;755220;95846;320941;641882;59674;210891;1353085;94652;-;-;-;1287052;2750187;250172
31.12.2004;Mecklenburg-Vorpommern;244084;244084;25055;45022;90044;6881;67855;526881;30396;-;-;-;356961;861009;62332
31.12.2004;Niedersachsen;1404384;1404384;173814;368809;737618;68086;240332;1472975;100672;-;-;-;2013525;3614977;342571
31.12.2004;Nordrhein-Westfalen;2050216;2050216;247988;731629;1463258;126975;773387;4720681;318579;-;-;-;3555232;8234155;693542
31.12.2004;Rheinland-Pfalz;747251;747251;92310;223369;446738;41098;116120;655671;47262;-;-;-;1086740;1849660;180671
31.12.2004;Saarland;184251;184251;22943;81209;162418;14548;28448;150409;10704;-;-;-;293908;497078;48196
31.12.2004;Sachsen;401777;401777;40355;157296;314592;22857;212227;1578884;95212;-;-;-;771300;2295253;158424
31.12.2004;Sachsen-Anhalt;367122;367122;37731;87394;174788;13387;104830;748838;44421;-;-;-;559346;1290748;95539
31.12.2004;Schleswig-Holstein;539731;539731;60785;93110;186220;16150;85200;605032;38377;-;-;-;718041;1330983;115312
31.12.2004;Thüringen;307205;307205;32675;113639;227278;17435;88710;615196;37266;-;-;-;509554;1149679;87375
31.12.2004;Insgesamt;10911888;10911888;1306703;3510955;7021910;621382;3035827;20652745;1373193;-;-;-;17458670;38586543;3301278
31.12.2005;Baden-Württemberg;1309101;1309101;162616;554915;1109830;102148;397567;2342838;170181;-;-;-;2261583;4761769;434944
31.12.2005;Bayern;1868279;1868279;238620;593097;1186194;110058;372308;2653257;179059;-;-;-;2833684;5707730;527736
31.12.2005;Berlin;143732;143732;15822;21406;42812;3779;142239;1678738;110856;-;-;-;307377;1865282;130457
31.12.2005;Brandenburg;425575;425575;44237;80534;161068;12600;89413;664056;39690;-;-;-;595522;1250699;96526
31.12.2005;Bremen;78084;78084;8392;20615;41230;3313;33646;228919;14890;-;-;-;132345;348233;26595
31.12.2005;Hamburg;129074;129074;14024;26361;52722;4400;77146;683768;43599;-;-;-;232581;865564;62024
31.12.2005;Hessen;760838;760838;96729;322485;644970;60072;211943;1360162;95291;-;-;-;1295266;2765970;252092
31.12.2005;Mecklenburg-Vorpommern;247522;247522;25459;45352;90704;6936;68006;526464;30376;-;-;-;360880;864690;62771
31.12.2005;Niedersachsen;1418971;1418971;175992;371214;742428;68660;241156;1477913;101097;-;-;-;2031341;3639312;345749
31.12.2005;Nordrhein-Westfalen;2073569;2073569;251311;735674;1471348;127927;775503;4735464;319895;-;-;-;3584746;8280381;699133
31.12.2005;Rheinland-Pfalz;754577;754577;93476;225240;450480;41530;116717;658853;47545;-;-;-;1096534;1863910;182551
31.12.2005;Saarland;185129;185129;23089;81554;163108;14634;28586;151095;10764;-;-;-;295269;499332;48487
31.12.2005;Sachsen;405943;405943;40916;157870;315740;22980;211713;1571053;94854;-;-;-;775526;2292736;158750
31.12.2005;Sachsen-Anhalt;369944;369944;38119;87583;175166;13427;103836;737595;43788;-;-;-;561363;1282705;95333
31.12.2005;Schleswig-Holstein;545333;545333;61541;93576;187152;16251;85449;606721;38521;-;-;-;724358;1339206;116313
31.12.2005;Thüringen;309437;309437;32994;113952;227904;17507;88178;607577;36887;-;-;-;511567;1144918;87388
31.12.2005;Insgesamt;11025108;11025108;1323337;3531428;7062856;626220;3043406;20684473;1377292;-;-;-;17599942;38772437;3326849
31.12.2006;Baden-Württemberg;1324013;1324013;164971;557511;1115022;102813;399609;2355816;171371;-;-;-;2281133;4794851;439155
31.12.2006;Bayern;1887612;1887612;241628;597367;1194734;111074;375454;2678211;180988;-;-;-;2860433;5760557;533690
31.12.2006;Berlin;145819;145819;16096;21511;43022;3802;142300;1678791;110926;-;-;-;309630;1867632;130824
31.12.2006;Brandenburg;433016;433016;45179;81170;162340;12728;89001;658200;39383;-;-;-;603187;1253556;97290
31.12.2006;Bremen;78610;78610;8465;20651;41302;3321;33662;228704;14871;-;-;-;132923;348616;26658
31.12.2006;Hamburg;130579;130579;14228;26431;52862;4418;77319;685660;43794;-;-;-;234329;869101;62441
31.12.2006;Hessen;767416;767416;97733;324109;648218;60461;212969;1367081;95902;-;-;-;1304494;2782715;254097
31.12.2006;Mecklenburg-Vorpommern;250545;250545;25818;45634;91268;6984;68195;525945;30352;-;-;-;364374;867758;63154
31.12.2006;Niedersachsen;1434152;1434152;178271;373464;746928;69195;241976;1482558;101505;-;-;-;2049592;3663638;348970
31.12.2006;Nordrhein-Westfalen;2095108;2095108;254408;738900;1477800;128701;777480;4749567;321152;-;-;-;3611488;8322475;704261
31.12.2006;Rheinland-Pfalz;762209;762209;94681;227029;454058;41949;117263;661747;47796;-;-;-;1106501;1878014;184427
31.12.2006;Saarland;186012;186012;23234;81804;163608;14695;28694;151681;10822;-;-;-;296510;501301;48750
31.12.2006;Sachsen;410002;410002;41481;158213;316426;23065;211110;1563606;94491;-;-;-;779325;2290034;159037
31.12.2006;Sachsen-Anhalt;372721;372721;38501;87729;175458;13459;103368;731409;43461;-;-;-;563818;1279588;95421
31.12.2006;Schleswig-Holstein;551137;551137;62314;94090;188180;16361;85739;608931;38713;-;-;-;730966;1348248;117388
31.12.2006;Thüringen;311601;311601;33311;114230;228460;17568;87879;603117;36676;-;-;-;513710;1143178;87556
31.12.2006;Insgesamt;11140552;11140552;1340319;3549843;7099686;630595;3052018;20731024;1382203;-;-;-;17742413;38971262;3353117
31.12.2007;Baden-Württemberg;1335630;1335630;166855;559823;1119646;103403;401495;2368107;172517;-;-;-;2296948;4823383;442775
31.12.2007;Bayern;1904730;1904730;244361;601117;1202234;111983;377592;2693590;182261;-;-;-;2883439;5800554;538605
31.12.2007;Berlin;147885;147885;16384;21625;43250;3828;142386;1679547;111038;-;-;-;311896;1870682;131249
31.12.2007;Brandenburg;438035;438035;45828;81547;163094;12805;88711;651985;39056;-;-;-;608293;1253114;97690
31.12.2007;Bremen;79130;79130;8541;20685;41370;3329;33692;228835;14890;-;-;-;133507;349335;26761
31.12.2007;Hamburg;131628;131628;14380;26503;53004;4435;77493;687493;43967;-;-;-;235623;872124;62782
31.12.2007;Hessen;772559;772559;98532;325508;651016;60791;213779;1372913;96447;-;-;-;1311846;2796488;255771
31.12.2007;Mecklenburg-Vorpommern;252737;252737;26084;45865;91730;7027;68353;526206;30380;-;-;-;366955;870673;63491
31.12.2007;Niedersachsen;1444523;1444523;179867;375240;750480;69618;242748;1487748;101937;-;-;-;2062511;3682751;351422
31.12.2007;Nordrhein-Westfalen;2114872;2114872;257286;742012;1484024;129440;779391;4764247;322414;-;-;-;3636275;8363143;709140
31.12.2007;Rheinland-Pfalz;768961;768961;95757;228536;457072;42296;117801;664378;48039;-;-;-;1115298;1890411;186093
31.12.2007;Saarland;186993;186993;23393;81988;163976;14741;28786;152101;10863;-;-;-;297767;503070;48997
31.12.2007;Sachsen;413073;413073;41922;158569;317138;23151;210272;1552649;93943;-;-;-;781914;2282860;159017
31.12.2007;Sachsen-Anhalt;374632;374632;38766;87831;175662;13482;103006;727428;43261;-;-;-;565469;1277722;95510
31.12.2007;Schleswig-Holstein;555584;555584;62921;94512;189024;16452;85962;610417;38855;-;-;-;736058;1355025;118227
31.12.2007;Thüringen;313236;313236;33551;114468;228936;17625;87609;598715;36467;-;-;-;515313;1140887;87642
31.12.2007;Insgesamt;11234208;11234208;1354428;3565829;7131656;634407;3059076;20766359;1386335;-;-;-;17859112;39132222;3375171
31.12.2008;Baden-Württemberg;1344462;1344462;168334;561484;1122968;103858;403083;2379618;173590;-;-;-;2309029;4847048;445782
31.12.2008;Bayern;1918349;1918349;246553;603967;1207934;112682;379594;2707972;183441;-;-;-;2901910;5834255;542676
31.12.2008;Berlin;149500;149500;16616;21725;43450;3849;142485;1680925;111224;-;-;-;313710;1873875;131689
31.12.2008;Brandenburg;442461;442461;46403;81871;163742;12874;88510;647118;38801;-;-;-;612842;1253321;98078
31.12.2008;Bremen;79423;79423;8587;20710;41420;3337;33710;228903;14901;-;-;-;133843;349746;26824
31.12.2008;Hamburg;132779;132779;14547;26590;53180;4455;77732;689570;44155;-;-;-;237101;875529;63157
31.12.2008;Hessen;776289;776289;99134;326725;653450;61085;214568;1378334;96961;-;-;-;1317582;2808073;257180
31.12.2008;Mecklenburg-Vorpommern;254445;254445;26299;46018;92036;7057;68478;526359;30400;-;-;-;368941;872840;63756
31.12.2008;Niedersachsen;1451955;1451955;181022;376525;753050;69929;243357;1491726;102275;-;-;-;2071837;3696731;353226
31.12.2008;Nordrhein-Westfalen;2129075;2129075;259407;744178;1488356;129972;780941;4776625;323490;-;-;-;3654194;8394056;712869
31.12.2008;Rheinland-Pfalz;774170;774170;96622;229727;459454;42575;118275;666957;48286;-;-;-;1122172;1900581;187484
31.12.2008;Saarland;187612;187612;23495;82100;164200;14772;28856;152486;10901;-;-;-;298568;504298;49168
31.12.2008;Sachsen;415703;415703;42300;158877;317754;23228;209920;1547613;93726;-;-;-;784500;2281070;159255
31.12.2008;Sachsen-Anhalt;376132;376132;38986;87953;175906;13509;102676;723886;43067;-;-;-;566761;1275924;95562
31.12.2008;Schleswig-Holstein;559097;559097;63405;94833;189666;16520;86194;611714;38976;-;-;-;740124;1360477;118900
31.12.2008;Thüringen;314574;314574;33760;114671;229342;17672;87444;596147;36362;-;-;-;516689;1140063;87794
31.12.2008;Insgesamt;11306026;11306026;1365471;3577954;7155908;637373;3065823;20805953;1390556;-;-;-;17949803;39267887;3393400
31.12.2009;Baden-Württemberg;1352562;1352562;169692;562909;1125818;104247;404513;2389902;174571;-;-;-;2319984;4868282;448510
31.12.2009;Bayern;1929797;1929797;248432;606408;1212816;113288;381300;2720588;184560;-;-;-;2917505;5863201;546281
31.12.2009;Berlin;150752;150752;16802;21825;43650;3871;142628;1683054;111475;-;-;-;315205;1877456;132149
31.12.2009;Brandenburg;446295;446295;46914;82131;164262;12926;88412;644921;38694;-;-;-;616838;1255478;98534
31.12.2009;Bremen;79674;79674;8628;20723;41446;3340;33728;229055;14923;-;-;-;134125;350175;26890
31.12.2009;Hamburg;133688;133688;14680;26650;53300;4470;77928;691863;44375;-;-;-;238266;878851;63525
31.12.2009;Hessen;779047;779047;99583;327569;655138;61296;215163;1382952;97380;-;-;-;1321779;2817137;258259
31.12.2009;Mecklenburg-Vorpommern;256492;256492;26541;46302;92604;7107;68626;526270;30390;-;-;-;371420;875366;64037
31.12.2009;Niedersachsen;1459140;1459140;182136;377681;755362;70206;243929;1495335;102579;-;-;-;2080750;3709837;354921
31.12.2009;Nordrhein-Westfalen;2141515;2141515;261271;746103;1492206;130459;782281;4786967;324443;-;-;-;3669899;8420688;716173
31.12.2009;Rheinland-Pfalz;778849;778849;97385;230655;461310;42799;118669;669536;48525;-;-;-;1128173;1909695;188709
31.12.2009;Saarland;188153;188153;23588;82192;164384;14801;28914;152861;10935;-;-;-;299259;505398;49324
31.12.2009;Sachsen;417916;417916;42626;159069;318138;23279;209462;1542797;93501;-;-;-;786447;2278851;159406
31.12.2009;Sachsen-Anhalt;377400;377400;39171;88032;176064;13530;102339;720775;42896;-;-;-;567771;1274239;95596
31.12.2009;Schleswig-Holstein;562365;562365;63859;95172;190344;16591;86466;614034;39152;-;-;-;744003;1366743;119603
31.12.2009;Thüringen;315704;315704;33942;114876;229752;17721;87253;593615;36241;-;-;-;517833;1139071;87903
31.12.2009;Insgesamt;11369349;11369349;1375251;3588297;7176594;639930;3071611;20844525;1394638;-;-;-;18029257;39390468;3409819
31.12.2010;Baden-Württemberg;1406069;1406069;185406;494344;988688;95010;413079;2374580;178153;2976;63782;2880;2316468;4833119;461449
31.12.2010;Bayern;1940434;1940434;260368;541240;1082480;107891;405400;2722374;191665;2845;73803;2851;2889919;5819091;562774
31.12.2010;Berlin;157062;157062;18840;16765;33530;3199;136223;1628997;110168;578;19951;921;310628;1839540;133129
31.12.2010;Brandenburg;479284;479284;53726;64483;128966;11312;84933;626488;38688;298;7717;299;628998;1242455;104024
31.12.2010;Bremen;90589;90589;10807;13486;26972;2268;31641;215992;13797;117;3449;110;135833;337002;26983
31.12.2010;Hamburg;142374;142374;17190;19296;38592;3529;78543;694502;45528;437;9551;405;240650;885019;66652
31.12.2010;Hessen;833162;833162;111860;290083;580166;57837;223997;1360477;99314;3380;45887;2533;1350622;2819692;271545
31.12.2010;Mecklenburg-Vorpommern;276092;276092;31037;36685;73370;6374;62644;496202;29477;193;4348;171;375614;850012;67058
31.12.2010;Niedersachsen;1582674;1582674;207485;315937;631874;62896;239704;1420981;101133;2064;31500;1587;2140379;3667029;373102
31.12.2010;Nordrhein-Westfalen;2320101;2320101;300306;634738;1269476;119600;792198;4749112;332697;4106;78523;3891;3751143;8417212;756495
31.12.2010;Rheinland-Pfalz;828172;828172;109862;181426;362852;36236;128434;713289;52891;982;18625;799;1139014;1922938;199787
31.12.2010;Saarland;206203;206203;27111;63582;127164;12263;28719;149411;10976;109;2766;113;298613;485544;50463
31.12.2010;Sachsen;471697;471697;51249;130079;260158;21054;197441;1501818;94389;392;17434;614;799609;2251107;167307
31.12.2010;Sachsen-Anhalt;395136;395136;43177;70840;141680;12085;98283;709290;43901;331;8335;336;564590;1254441;99500
31.12.2010;Schleswig-Holstein;611889;611889;73490;76029;152058;14202;87863;589284;38574;604;8901;438;776385;1362132;126704
31.12.2010;Thüringen;338676;338676;37916;92203;184406;15611;84942;590155;37080;294;7130;341;516115;1120367;90949
31.12.2010;Insgesamt;12079614;12079614;1539831;3041216;6082432;581369;3094044;20542952;1418431;19706;401702;18291;18234580;39106700;3557922
31.12.2011;Baden-Württemberg;1415847;1415847;187023;495956;991912;95439;414557;2384954;179160;3009;64445;2908;2329369;4857158;464530
31.12.2011;Bayern;1954578;1954578;262643;543543;1087086;108488;407517;2738054;192978;2888;76702;2928;2908526;5856420;567037
31.12.2011;Berlin;158320;158320;19031;16828;33656;3214;136364;1631627;110431;578;19951;921;312090;1843554;133597
31.12.2011;Brandenburg;483068;483068;54232;64702;129404;11356;84955;625423;38653;298;7704;298;633023;1245599;104539
31.12.2011;Bremen;90834;90834;10847;13495;26990;2270;31668;216242;13820;117;3445;110;136114;337511;27047
31.12.2011;Hamburg;143198;143198;17310;19373;38746;3548;78742;696465;45713;436;9550;405;241749;887959;66976
31.12.2011;Hessen;836331;836331;112388;290594;581188;57981;224531;1364985;99707;3383;46214;2539;1354839;2828718;272615
31.12.2011;Mecklenburg-Vorpommern;278088;278088;31284;36885;73770;6410;62813;497295;29547;193;4350;171;377979;853503;67413
31.12.2011;Niedersachsen;1592235;1592235;208944;317223;634446;63198;240550;1426222;101580;2072;31506;1588;2152080;3684409;375310
31.12.2011;Nordrhein-Westfalen;2332897;2332897;302267;636540;1273080;120071;793750;4761400;333773;4127;78751;3895;3767314;8446128;760005
31.12.2011;Rheinland-Pfalz;832694;832694;110608;182233;364466;36427;128862;716127;53152;987;18632;799;1144776;1931919;200986
31.12.2011;Saarland;206724;206724;27203;63687;127374;12290;28797;149863;11015;112;2823;116;299320;486784;50624
31.12.2011;Sachsen;474119;474119;51609;130294;260588;21110;197271;1499672;94305;394;17487;615;802078;2251866;167638
31.12.2011;Sachsen-Anhalt;396414;396414;43366;70891;141782;12097;98077;706098;43749;330;8071;329;565712;1252365;99541
31.12.2011;Schleswig-Holstein;615642;615642;74005;76465;152930;14293;88163;591887;38768;609;9047;441;780879;1369506;127507
31.12.2011;Thüringen;339811;339811;38098;92332;184664;15647;84957;589870;37085;298;7276;346;517398;1121621;91176
31.12.2011;Insgesamt;12150800;12150800;1550855;3051041;6102082;583839;3101574;20596184;1423436;19830;405879;18407;18323246;39255020;3576539
31.12.2012;Baden-Württemberg;1426789;1426789;188821;497421;994842;95840;416564;2400621;180596;3032;66042;2966;2343806;4888294;468224
31.12.2012;Bayern;1969366;1969366;265051;545840;1091680;109083;409783;2754681;194376;2902;77903;2967;2927891;5893630;571477
31.12.2012;Berlin;160108;160108;19289;16899;33798;3233;136557;1634806;110754;578;19988;920;314142;1848700;134195
31.12.2012;Brandenburg;487763;487763;54858;65018;130036;11424;85017;625056;38670;305;7784;303;638103;1250639;105255
31.12.2012;Bremen;91575;91575;10963;13529;27058;2279;31746;217284;13914;122;4295;129;136972;340212;27285
31.12.2012;Hamburg;144119;144119;17447;19427;38854;3559;78952;698699;45927;436;9598;406;242934;891270;67339
31.12.2012;Hessen;839867;839867;112977;291100;582200;58127;225141;1370153;100169;3380;46559;2549;1359488;2838779;273822
31.12.2012;Mecklenburg-Vorpommern;280237;280237;31558;37117;74234;6451;63057;499345;29698;195;4360;171;380606;858176;67879
31.12.2012;Niedersachsen;1602506;1602506;210541;318624;637248;63523;241573;1432611;102150;2080;31582;1552;2164783;3703947;377767
31.12.2012;Nordrhein-Westfalen;2346705;2346705;304362;638389;1276778;120545;795492;4775855;335014;4139;78419;3899;3784725;8477757;763819
31.12.2012;Rheinland-Pfalz;837219;837219;111372;182956;365912;36606;129303;718939;53416;990;18718;801;1150468;1940788;202194
31.12.2012;Saarland;207430;207430;27310;63780;127560;12316;28856;150149;11044;112;2847;119;300178;487986;50789
31.12.2012;Sachsen;476682;476682;51997;130467;260934;21159;197172;1497673;94275;407;17978;628;804728;2253267;168059
31.12.2012;Sachsen-Anhalt;397827;397827;43579;70961;141922;12113;97902;704618;43668;333;7923;327;567023;1252290;99687
31.12.2012;Schleswig-Holstein;619638;619638;74552;76961;153922;14395;88540;594882;38999;612;9098;443;785751;1377540;128389
31.12.2012;Thüringen;341261;341261;38336;92510;185020;15694;84977;589768;37110;299;7298;347;519047;1123347;91489
31.12.2012;Insgesamt;12229092;12229092;1563013;3060999;6121998;586348;3110632;20665140;1429779;19922;410392;18528;18420645;39426622;3597668
31.12.2013;Baden-Württemberg;1437016;1437016;190526;499089;998178;96288;418375;2413742;181848;3054;67470;3005;2357534;4916406;471668
31.12.2013;Bayern;1984912;1984912;267630;548547;1097094;109780;412488;2775339;196033;2843;79069;3003;2948790;5936414;576447
31.12.2013;Berlin;161729;161729;19525;16976;33952;3253;136762;1638870;111151;580;20044;920;316047;1854595;134850
31.12.2013;Brandenburg;492172;492172;55459;65304;130608;11483;85159;625214;38724;312;8003;313;642947;1255997;105980
31.12.2013;Bremen;91912;91912;11015;13537;27074;2280;31795;217825;13966;124;4376;135;137368;341187;27398
31.12.2013;Hamburg;145425;145425;17641;19542;39084;3584;79358;703226;46337;438;9571;406;244763;897306;67968
31.12.2013;Hessen;843593;843593;113588;291579;583158;58265;225836;1377038;100753;3383;46740;2553;1364391;2850529;275159
31.12.2013;Mecklenburg-Vorpommern;282294;282294;31823;37334;74668;6492;63257;500534;29794;196;4370;172;383081;861866;68280
31.12.2013;Niedersachsen;1613115;1613115;212172;320192;640384;63889;242774;1440549;102810;2100;32220;1578;2178181;3726268;380448
31.12.2013;Nordrhein-Westfalen;2361234;2361234;306545;640184;1280368;121015;797494;4791312;336394;4155;80074;3961;3803067;8512988;767915
31.12.2013;Rheinland-Pfalz;841976;841976;112190;183736;367472;36803;129795;723570;53763;995;18972;807;1156502;1951990;203563
31.12.2013;Saarland;208393;208393;27440;63888;127776;12343;28930;150583;11080;119;3038;124;301330;489790;50987
31.12.2013;Sachsen;479583;479583;52434;130670;261340;21215;197188;1496834;94326;411;18225;637;807852;2255982;168612
31.12.2013;Sachsen-Anhalt;399246;399246;43795;71006;142012;12125;97514;700674;43472;335;8096;330;568101;1250028;99723
31.12.2013;Schleswig-Holstein;623675;623675;75088;77398;154796;14481;88953;597780;39222;612;9098;443;790638;1385349;129234
31.12.2013;Thüringen;342710;342710;38567;92641;185282;15732;85018;590173;37161;302;7328;349;520671;1125493;91808
31.12.2013;Insgesamt;12308985;12308985;1575439;3071623;6143246;589028;3120696;20743263;1436835;19959;416694;18736;18521263;39612188;3620039
31.12.2014;Baden-Württemberg;1447352;1447352;192269;501042;1002084;96797;420658;2430672;183427;3078;68399;3038;2372130;4948507;475530
31.12.2014;Bayern;2001051;2001051;270297;551344;1102688;110491;415592;2799829;198048;2891;81741;3083;2970878;5985309;581919
31.12.2014;Berlin;163457;163457;19786;17035;34070;3269;137126;1644841;111747;586;20616;936;318204;1862984;135737
31.12.2014;Brandenburg;497179;497179;56135;65583;131166;11544;85397;626625;38858;322;8186;318;648481;1263156;106855
31.12.2014;Bremen;92264;92264;11067;13554;27108;2285;31837;218516;14028;129;4546;142;137784;342434;27522
31.12.2014;Hamburg;146279;146279;17772;19631;39262;3605;79740;708756;46776;440;9590;407;246090;903887;68559
31.12.2014;Hessen;847919;847919;114286;292138;584276;58421;226748;1385674;101480;3404;48083;2591;1370209;2865952;276778
31.12.2014;Mecklenburg-Vorpommern;284201;284201;32069;37533;75066;6531;63465;502267;29933;197;4396;172;385396;865930;68704
31.12.2014;Niedersachsen;1624441;1624441;213905;321821;643642;64265;244162;1450010;103604;2114;33152;1601;2192538;3751245;383376
31.12.2014;Nordrhein-Westfalen;2374342;2374342;308611;642142;1284284;121522;800062;4813130;338301;4195;81940;4028;3820741;8553696;772462
31.12.2014;Rheinland-Pfalz;847173;847173;113086;184564;369128;37004;130462;728794;54209;999;19115;811;1163198;1964210;205110
31.12.2014;Saarland;209054;209054;27555;64001;128002;12373;29016;151186;11131;121;3110;126;302192;491352;51185
31.12.2014;Sachsen;482758;482758;52915;130946;261892;21286;197342;1497605;94524;421;18695;651;811467;2260950;169376
31.12.2014;Sachsen-Anhalt;400695;400695;44023;71063;142126;12140;97434;699542;43430;338;8123;332;569530;1250486;99925
31.12.2014;Schleswig-Holstein;628593;628593;75735;77995;155990;14600;89462;601442;39503;618;9251;448;796668;1395276;130287
31.12.2014;Thüringen;344249;344249;38815;92805;185610;15773;85175;591436;37273;303;7364;350;522532;1128659;92211
31.12.2014;Insgesamt;12391007;12391007;1588325;3083197;6166394;591907;3133678;20850325;1446271;20156;426307;19034;18628038;39834033;3645537
31.12.2015;Baden-Württemberg;1457680;1457680;194005;502951;1005902;97293;423113;2449726;185125;3122;69543;3073;2386866;4982851;479495
31.12.2015;Bayern;2017735;2017735;273091;554044;1108088;111203;418997;2824815;200121;2953;84030;3169;2993729;6034668;587583
31.12.2015;Berlin;164957;164957;20015;17140;34280;3295;137609;1653120;112490;596;21325;952;320302;1873682;136752
31.12.2015;Brandenburg;502092;502092;56813;65893;131786;11609;85666;627503;38966;338;8702;334;653989;1270083;107722
31.12.2015;Bremen;92740;92740;11141;13575;27150;2291;31908;219561;14120;131;4623;144;138354;344074;27696
31.12.2015;Hamburg;147347;147347;17933;19766;39532;3635;80262;714761;47258;439;9427;404;247814;911067;69230
31.12.2015;Hessen;851652;851652;114914;292692;585384;58582;227648;1394294;102209;3437;50028;2633;1375429;2881358;278339
31.12.2015;Mecklenburg-Vorpommern;286246;286246;32339;37695;75390;6562;63693;503998;30066;198;4421;173;387832;870055;69139
31.12.2015;Niedersachsen;1635258;1635258;215572;323372;646744;64632;245668;1460765;104513;2124;33567;1618;2206422;3776334;386335
31.12.2015;Nordrhein-Westfalen;2386351;2386351;310494;643959;1287918;121990;802342;4832252;339989;4219;82704;4050;3836871;8589225;776524
31.12.2015;Rheinland-Pfalz;851604;851604;113851;185267;370534;37177;131078;733347;54617;1016;19729;829;1168965;1975214;206474
31.12.2015;Saarland;209636;209636;27658;64090;128180;12398;29105;151880;11183;126;3289;135;302957;492985;51373
31.12.2015;Sachsen;485629;485629;53342;131151;262302;21341;197506;1499429;94784;428;18943;659;814714;2266303;170126
31.12.2015;Sachsen-Anhalt;402283;402283;44272;71152;142304;12164;97377;698527;43404;339;7886;327;571151;1251000;100167
31.12.2015;Schleswig-Holstein;632915;632915;76326;78552;157105;14716;90013;605778;39832;621;9276;450;802101;1405074;131324
31.12.2015;Thüringen;345830;345830;39071;92970;185940;15814;85305;592107;37351;312;7586;358;524417;1131463;92593
31.12.2015;Insgesamt;12469955;12469955;1600835;3094269;6188539;594702;3147290;20961863;1456026;20399;435081;19308;18731913;40055436;3670870
31.12.2016;Baden-Württemberg;1467443;1467443;195646;504700;1009400;97764;425364;2466849;186674;3321;74703;3209;2400828;5018395;483292
31.12.2016;Bayern;2033224;2033224;275670;556528;1113056;111841;422296;2850576;202223;3159;88839;3390;3015207;6085695;593123
31.12.2016;Berlin;166611;166611;20266;17205;34410;3314;138217;1663398;113321;611;22812;997;322644;1887231;137898
31.12.2016;Brandenburg;507634;507634;57570;66255;132510;11687;85918;629193;39130;371;10268;380;660178;1279605;108767
31.12.2016;Bremen;93172;93172;11205;13587;27174;2293;31993;220763;14215;134;4690;152;138886;345799;27865
31.12.2016;Hamburg;148155;148155;18056;19869;39738;3659;80734;721066;47737;440;9431;405;249198;918390;69857
31.12.2016;Hessen;855729;855729;115631;293344;586688;58770;228784;1405037;103121;3491;51771;2698;1381348;2899225;280219
31.12.2016;Mecklenburg-Vorpommern;288309;288309;32615;37868;75736;6596;63913;506135;30242;203;4962;184;390293;875142;69637
31.12.2016;Niedersachsen;1647412;1647412;217452;325165;650330;65048;247385;1473017;105550;2158;34548;1651;2222120;3805307;389701
31.12.2016;Nordrhein-Westfalen;2397704;2397704;312330;645778;1291556;122464;804885;4854582;341867;4367;85986;4174;3852734;8629828;780835
31.12.2016;Rheinland-Pfalz;856287;856287;114644;186058;372116;37371;131801;739082;55109;1035;20097;845;1175181;1987582;207969
31.12.2016;Saarland;210304;210304;27774;64189;128378;12424;29220;152768;11254;128;3290;138;303841;494740;51590
31.12.2016;Sachsen;489352;489352;53901;131431;262862;21418;197762;1502180;95132;447;19671;686;818992;2274065;171137
31.12.2016;Sachsen-Anhalt;404156;404156;44558;71211;142422;12180;97199;696260;43316;348;8068;337;572914;1250906;100391
31.12.2016;Schleswig-Holstein;638490;638490;77065;79209;158418;14852;90714;612006;40273;653;9576;465;809066;1418490;132654
31.12.2016;Thüringen;347442;347442;39335;93134;186268;15858;85471;593296;37466;360;9114;414;526407;1136120;93073
31.12.2016;Insgesamt;12551424;12551424;1613716;3105531;6211062;597540;3161656;21086208;1466627;21226;457826;20125;18839837;40306520;3698008
31.12.2017;Baden-Württemberg;1476628;1476628;197213;506604;1013208;98266;427792;2485786;188356;3422;77344;3302;2414446;5052966;487137
31.12.2017;Bayern;2051240;2051240;278686;559614;1119228;112624;426067;2878924;204499;3313;93852;3585;3040234;6143244;599394
31.12.2017;Berlin;167884;167884;20463;17262;34524;3329;138900;1674607;114190;635;25848;1077;324681;1902863;139060
31.12.2017;Brandenburg;512637;512637;58255;66597;133194;11758;86280;632572;39414;385;10693;391;665899;1289096;109818
31.12.2017;Bremen;93726;93726;11292;13614;27228;2300;32064;221621;14283;140;5020;167;139544;347595;28042
31.12.2017;Hamburg;149259;149259;18220;19985;39970;3685;81182;726853;48183;446;9840;418;250872;925922;70505
31.12.2017;Hessen;860056;860056;116375;294004;588008;58957;230100;1417896;104219;3544;53114;2767;1387704;2919074;282318
31.12.2017;Mecklenburg-Vorpommern;290291;290291;32882;38012;76024;6624;64165;507697;30402;208;5155;196;392676;879167;70104
31.12.2017;Niedersachsen;1658407;1658407;219151;326777;653554;65421;248978;1485171;106527;2271;36412;1732;2236433;3833544;392831
31.12.2017;Nordrhein-Westfalen;2408711;2408711;314118;647758;1295516;122977;807772;4879758;343992;4471;88845;4279;3868712;8672830;785365
31.12.2017;Rheinland-Pfalz;860726;860726;115402;186812;373624;37559;132562;744631;55588;1057;20643;866;1181157;1999624;209415
31.12.2017;Saarland;210938;210938;27883;64304;128608;12453;29348;153804;11345;127;3275;138;304717;496625;51819
31.12.2017;Sachsen;492483;492483;54368;131659;263318;21477;197969;1505575;95497;475;20372;711;822586;2281748;172052
31.12.2017;Sachsen-Anhalt;405923;405923;44834;71270;142540;12195;97235;696168;43352;352;8152;342;574780;1252783;100722
31.12.2017;Schleswig-Holstein;643272;643272;77723;79855;159710;14979;91420;617391;40676;675;9678;476;815222;1430051;133853
31.12.2017;Thüringen;349041;349041;39592;93281;186562;15897;85625;593857;37543;371;9753;435;528318;1139213;93467
31.12.2017;Insgesamt;12631222;12631222;1626456;3117408;6234816;600500;3177459;21222311;1478065;21892;477996;20881;18947981;40566345;3725902
__________;;;;;;;;;;;;;;;;
"Wohngebäude: Bis 31.12.2009 ohne Wohnheime.

Ab 31.12.2010:
Ergebnisse auf Grundlage der Gebäude- und Wohnungszählung
2011.";;;;;;;;;;;;;;;;
(C)opyright Statistisches Bundesamt (Destatis), 2018;;;;;;;;;;;;;;;;
Stand: 13.11.2018 / 12:56:28;;;;;;;;;;;;;;;;
